date,close
2000-08-30,273.899994
2000-08-31,278.299988
2000-09-01,277.000000
2000-09-05,275.799988
2000-09-06,274.200012
2000-09-07,274.000000
2000-09-08,273.299988
2000-09-11,273.100006
2000-09-12,272.899994
2000-09-13,272.799988
2000-09-14,272.399994
2000-09-15,272.299988
2000-09-18,271.399994
2000-09-19,271.899994
2000-09-20,269.000000
2000-09-21,270.299988
2000-09-22,271.799988
2000-09-25,274.100006
2000-09-26,273.899994
2000-09-27,278.399994
2000-09-28,275.600006
2000-09-29,273.600006
2000-10-02,273.100006
2000-10-03,271.600006
2000-10-04,270.299988
2000-10-05,270.600006
2000-10-06,269.299988
2000-10-09,270.100006
2000-10-10,272.399994
2000-10-11,270.500000
2000-10-12,276.399994
2000-10-13,272.399994
2000-10-16,271.500000
2000-10-17,271.100006
2000-10-18,270.299988
2000-10-19,270.100006
2000-10-20,271.200012
2000-10-23,270.100006
2000-10-24,270.100006
2000-10-25,266.200012
2000-10-26,264.899994
2000-10-27,264.399994
2000-10-30,264.299988
2000-10-31,264.899994
2000-11-01,263.899994
2000-11-02,264.399994
2000-11-03,264.600006
2000-11-06,264.500000
2000-11-07,264.299988
2000-11-08,265.000000
2000-11-09,265.799988
2000-11-10,264.500000
2000-11-13,264.299988
2000-11-14,264.899994
2000-11-15,265.100006
2000-11-16,265.799988
2000-11-17,265.700012
2000-11-20,266.299988
2000-11-21,265.700012
2000-11-22,266.299988
2000-11-27,270.100006
2000-11-28,269.799988
2000-11-29,266.399994
2000-11-30,270.100006
2000-12-01,268.700012
2000-12-04,270.700012
2000-12-05,270.399994
2000-12-06,274.299988
2000-12-07,273.200012
2000-12-08,272.200012
2000-12-11,270.200012
2000-12-12,270.299988
2000-12-13,268.600006
2000-12-14,269.000000
2000-12-15,270.399994
2000-12-18,269.700012
2000-12-19,269.700012
2000-12-20,272.500000
2000-12-21,273.700012
2000-12-22,273.700012
2000-12-26,274.100006
2000-12-27,275.200012
2000-12-28,271.700012
2000-12-29,272.000000
2001-01-02,268.399994
2001-01-03,268.000000
2001-01-04,267.299988
2001-01-05,268.000000
2001-01-08,268.000000
2001-01-09,267.500000
2001-01-10,264.700012
2001-01-11,264.000000
2001-01-12,263.899994
2001-01-16,263.299988
2001-01-17,263.200012
2001-01-18,264.200012
2001-01-19,264.299988
2001-01-22,266.399994
2001-01-23,266.100006
2001-01-24,264.299988
2001-01-25,264.500000
2001-01-26,262.799988
2001-01-29,262.799988
2001-01-30,265.500000
2001-01-31,265.600006
2001-02-01,268.500000
2001-02-02,267.100006
2001-02-05,265.200012
2001-02-06,263.299988
2001-02-07,262.799988
2001-02-08,260.100006
2001-02-09,259.899994
2001-02-12,260.700012
2001-02-13,260.299988
2001-02-14,259.399994
2001-02-15,255.100006
2001-02-16,258.200012
2001-02-20,256.100006
2001-02-21,258.200012
2001-02-22,258.500000
2001-02-23,260.899994
2001-02-26,265.799988
2001-02-27,267.399994
2001-02-28,266.799988
2001-03-01,265.200012
2001-03-02,262.100006
2001-03-05,262.500000
2001-03-06,259.899994
2001-03-07,261.399994
2001-03-08,265.399994
2001-03-09,270.799988
2001-03-12,271.600006
2001-03-13,266.799988
2001-03-14,262.500000
2001-03-15,260.000000
2001-03-16,258.100006
2001-03-19,259.799988
2001-03-20,260.500000
2001-03-21,261.899994
2001-03-22,261.100006
2001-03-23,261.500000
2001-03-26,261.899994
2001-03-27,261.000000
2001-03-28,259.700012
2001-03-29,258.799988
2001-03-30,257.899994
2001-04-02,255.600006
2001-04-03,256.799988
2001-04-04,258.399994
2001-04-05,258.100006
2001-04-06,260.000000
2001-04-09,258.299988
2001-04-10,257.299988
2001-04-11,258.700012
2001-04-12,260.100006
2001-04-16,263.299988
2001-04-17,261.100006
2001-04-18,261.299988
2001-04-19,265.299988
2001-04-20,264.799988
2001-04-23,263.700012
2001-04-24,264.100006
2001-04-25,262.399994
2001-04-26,264.399994
2001-04-27,263.899994
2001-04-30,264.000000
2001-05-01,264.399994
2001-05-02,265.399994
2001-05-03,266.299988
2001-05-04,266.100006
2001-05-07,266.100006
2001-05-08,265.100006
2001-05-09,270.000000
2001-05-10,269.100006
2001-05-11,267.899994
2001-05-14,268.299988
2001-05-15,268.100006
2001-05-16,272.000000
2001-05-17,273.600006
2001-05-18,287.399994
2001-05-21,285.399994
2001-05-22,285.100006
2001-05-23,283.600006
2001-05-24,279.100006
2001-05-25,277.899994
2001-05-29,273.799988
2001-05-30,265.700012
2001-05-31,265.299988
2001-06-01,266.399994
2001-06-04,264.899994
2001-06-05,265.700012
2001-06-06,265.700012
2001-06-07,266.000000
2001-06-08,273.399994
2001-06-11,267.899994
2001-06-12,271.500000
2001-06-13,272.000000
2001-06-14,275.299988
2001-06-15,271.200012
2001-06-18,272.399994
2001-06-19,273.399994
2001-06-20,272.399994
2001-06-21,272.600006
2001-06-22,272.299988
2001-06-25,273.700012
2001-06-26,276.200012
2001-06-27,272.100006
2001-06-28,269.299988
2001-06-29,270.600006
2001-07-02,269.399994
2001-07-03,267.600006
2001-07-05,265.100006
2001-07-06,265.899994
2001-07-09,266.500000
2001-07-10,266.200012
2001-07-11,268.299988
2001-07-12,266.600006
2001-07-13,267.100006
2001-07-16,266.899994
2001-07-17,268.100006
2001-07-18,270.399994
2001-07-19,269.399994
2001-07-20,269.899994
2001-07-23,268.799988
2001-07-24,269.700012
2001-07-25,267.700012
2001-07-26,266.200012
2001-07-27,267.399994
2001-07-30,264.600006
2001-07-31,266.200012
2001-08-01,267.399994
2001-08-02,267.399994
2001-08-03,267.899994
2001-08-06,267.100006
2001-08-07,267.200012
2001-08-08,267.899994
2001-08-09,273.399994
2001-08-10,273.899994
2001-08-13,275.700012
2001-08-14,276.299988
2001-08-15,275.700012
2001-08-16,275.200012
2001-08-17,279.299988
2001-08-20,276.100006
2001-08-21,275.000000
2001-08-22,274.899994
2001-08-23,275.299988
2001-08-24,272.500000
2001-08-27,272.600006
2001-08-28,272.299988
2001-08-29,273.700012
2001-08-30,275.399994
2001-08-31,274.399994
2001-09-04,271.600006
2001-09-05,272.000000
2001-09-06,273.000000
2001-09-07,273.100006
2001-09-10,271.600006
2001-09-14,290.200012
2001-09-17,289.799988
2001-09-18,288.100006
2001-09-19,291.500000
2001-09-20,289.000000
2001-09-21,291.899994
2001-09-24,289.700012
2001-09-25,290.500000
2001-09-26,293.299988
2001-09-27,291.700012
2001-09-28,292.399994
2001-10-01,292.200012
2001-10-02,289.899994
2001-10-03,290.500000
2001-10-04,290.500000
2001-10-05,291.399994
2001-10-08,292.399994
2001-10-09,288.899994
2001-10-10,285.700012
2001-10-11,281.799988
2001-10-12,284.899994
2001-10-15,282.100006
2001-10-16,282.299988
2001-10-17,283.399994
2001-10-18,279.200012
2001-10-19,280.100006
2001-10-22,275.500000
2001-10-23,276.100006
2001-10-24,275.899994
2001-10-25,277.799988
2001-10-26,277.899994
2001-10-29,279.100006
2001-10-30,280.600006
2001-10-31,279.500000
2001-11-01,279.700012
2001-11-02,279.799988
2001-11-05,278.500000
2001-11-06,279.700012
2001-11-07,281.000000
2001-11-08,276.799988
2001-11-09,277.399994
2001-11-12,278.299988
2001-11-13,277.799988
2001-11-14,277.799988
2001-11-15,275.100006
2001-11-16,274.700012
2001-11-19,272.700012
2001-11-20,273.000000
2001-11-21,272.899994
2001-11-26,272.299988
2001-11-27,273.200012
2001-11-28,274.100006
2001-11-29,273.500000
2001-11-30,273.899994
2001-12-03,276.899994
2001-12-04,275.399994
2001-12-05,273.700012
2001-12-06,274.200012
2001-12-07,273.899994
2001-12-10,272.200012
2001-12-11,272.200012
2001-12-12,273.799988
2001-12-13,273.899994
2001-12-14,278.000000
2001-12-17,277.700012
2001-12-18,280.399994
2001-12-19,275.500000
2001-12-20,276.000000
2001-12-21,278.000000
2001-12-26,279.700012
2001-12-27,277.399994
2001-12-28,276.500000
2001-12-31,278.700012
2002-01-02,278.899994
2002-01-03,278.200012
2002-01-04,278.899994
2002-01-07,278.600006
2002-01-08,278.899994
2002-01-09,283.399994
2002-01-10,287.100006
2002-01-11,287.399994
2002-01-14,285.399994
2002-01-15,284.399994
2002-01-16,287.299988
2002-01-17,284.399994
2002-01-18,283.100006
2002-01-22,281.500000
2002-01-23,278.600006
2002-01-24,278.100006
2002-01-25,278.799988
2002-01-28,278.299988
2002-01-29,281.399994
2002-01-30,281.899994
2002-01-31,282.100006
2002-02-01,286.000000
2002-02-04,289.299988
2002-02-05,298.200012
2002-02-06,297.500000
2002-02-07,299.700012
2002-02-08,303.500000
2002-02-11,300.100006
2002-02-12,300.700012
2002-02-13,299.399994
2002-02-14,299.700012
2002-02-15,298.399994
2002-02-19,293.200012
2002-02-20,292.299988
2002-02-21,293.200012
2002-02-22,293.200012
2002-02-25,292.700012
2002-02-26,298.000000
2002-02-27,296.299988
2002-02-28,296.700012
2002-03-01,298.000000
2002-03-04,296.700012
2002-03-05,294.000000
2002-03-06,293.500000
2002-03-07,290.100006
2002-03-08,290.100006
2002-03-11,291.100006
2002-03-12,293.600006
2002-03-13,293.600006
2002-03-14,291.000000
2002-03-15,289.899994
2002-03-18,292.100006
2002-03-19,292.799988
2002-03-20,292.100006
2002-03-21,292.799988
2002-03-22,297.299988
2002-03-25,297.399994
2002-03-26,296.600006
2002-03-27,302.200012
2002-03-28,302.600006
2002-04-01,303.200012
2002-04-02,305.899994
2002-04-03,302.600006
2002-04-04,301.100006
2002-04-05,300.100006
2002-04-08,300.500000
2002-04-09,298.799988
2002-04-10,301.700012
2002-04-11,302.200012
2002-04-12,302.100006
2002-04-15,300.000000
2002-04-16,298.799988
2002-04-17,302.100006
2002-04-18,304.500000
2002-04-19,302.299988
2002-04-22,303.000000
2002-04-23,304.000000
2002-04-24,304.299988
2002-04-25,308.100006
2002-04-26,311.600006
2002-04-29,311.200012
2002-04-30,308.899994
2002-05-01,309.100006
2002-05-02,308.299988
2002-05-03,312.200012
2002-05-06,311.200012
2002-05-07,311.600006
2002-05-08,308.200012
2002-05-09,309.500000
2002-05-10,311.000000
2002-05-13,310.600006
2002-05-14,307.299988
2002-05-15,308.700012
2002-05-16,309.799988
2002-05-17,310.600006
2002-05-20,315.700012
2002-05-21,315.799988
2002-05-22,318.000000
2002-05-23,322.500000
2002-05-24,320.399994
2002-05-28,323.899994
2002-05-29,325.399994
2002-05-30,325.500000
2002-05-31,326.500000
2002-06-03,326.700012
2002-06-04,327.799988
2002-06-05,321.200012
2002-06-06,324.899994
2002-06-07,324.600006
2002-06-10,318.700012
2002-06-11,319.700012
2002-06-12,320.299988
2002-06-13,317.700012
2002-06-14,319.100006
2002-06-17,317.399994
2002-06-18,319.200012
2002-06-19,319.799988
2002-06-20,323.200012
2002-06-21,324.600006
2002-06-24,324.299988
2002-06-25,320.200012
2002-06-26,320.500000
2002-06-27,319.200012
2002-06-28,313.500000
2002-07-01,314.000000
2002-07-02,312.799988
2002-07-03,310.899994
2002-07-08,312.100006
2002-07-09,316.100006
2002-07-10,314.700012
2002-07-11,317.200012
2002-07-12,315.600006
2002-07-15,319.600006
2002-07-16,317.200012
2002-07-17,317.399994
2002-07-18,317.000000
2002-07-19,323.899994
2002-07-22,323.600006
2002-07-23,312.700012
2002-07-24,311.500000
2002-07-25,309.799988
2002-07-26,303.399994
2002-07-29,302.500000
2002-07-30,303.700012
2002-07-31,303.200012
2002-08-01,304.000000
2002-08-02,307.000000
2002-08-05,307.799988
2002-08-06,305.500000
2002-08-07,314.299988
2002-08-08,310.399994
2002-08-09,314.200012
2002-08-12,314.100006
2002-08-13,314.200012
2002-08-14,311.799988
2002-08-15,314.299988
2002-08-16,313.700012
2002-08-19,306.000000
2002-08-20,308.700012
2002-08-21,307.600006
2002-08-22,306.600006
2002-08-23,306.700012
2002-08-26,309.399994
2002-08-27,312.299988
2002-08-28,309.399994
2002-08-29,312.899994
2002-08-30,312.399994
2002-09-03,313.399994
2002-09-04,314.899994
2002-09-05,318.200012
2002-09-06,319.899994
2002-09-09,321.299988
2002-09-10,317.899994
2002-09-11,316.600006
2002-09-12,318.899994
2002-09-13,316.600006
2002-09-16,317.100006
2002-09-17,317.000000
2002-09-18,320.600006
2002-09-19,322.600006
2002-09-20,321.899994
2002-09-23,323.000000
2002-09-24,325.899994
2002-09-25,322.200012
2002-09-26,320.299988
2002-09-27,319.700012
2002-09-30,323.899994
2002-10-01,320.899994
2002-10-02,321.500000
2002-10-03,321.100006
2002-10-04,322.100006
2002-10-07,321.899994
2002-10-08,318.200012
2002-10-09,319.600006
2002-10-10,316.500000
2002-10-11,316.299988
2002-10-14,317.799988
2002-10-15,312.600006
2002-10-16,314.000000
2002-10-17,311.600006
2002-10-18,312.700012
2002-10-21,310.899994
2002-10-22,313.000000
2002-10-23,312.000000
2002-10-24,310.700012
2002-10-25,313.399994
2002-10-28,315.200012
2002-10-29,317.700012
2002-10-30,316.500000
2002-10-31,318.000000
2002-11-01,318.799988
2002-11-04,318.299988
2002-11-05,318.200012
2002-11-06,317.500000
2002-11-07,320.500000
2002-11-08,321.299988
2002-11-11,321.200012
2002-11-12,324.500000
2002-11-13,318.700012
2002-11-14,317.899994
2002-11-15,320.700012
2002-11-18,319.200012
2002-11-19,318.600006
2002-11-20,317.399994
2002-11-21,317.399994
2002-11-22,320.700012
2002-11-25,317.799988
2002-11-26,317.700012
2002-11-27,316.799988
2002-12-02,317.600006
2002-12-03,320.200012
2002-12-04,322.200012
2002-12-05,324.799988
2002-12-06,326.299988
2002-12-09,325.799988
2002-12-10,323.500000
2002-12-11,324.799988
2002-12-12,331.399994
2002-12-13,333.200012
2002-12-16,337.000000
2002-12-17,337.399994
2002-12-18,342.100006
2002-12-19,345.899994
2002-12-20,340.500000
2002-12-23,345.100006
2002-12-24,346.799988
2002-12-26,348.899994
2002-12-27,349.200012
2002-12-30,343.399994
2002-12-31,347.600006
2003-01-02,346.100006
2003-01-03,351.200012
2003-01-06,351.700012
2003-01-07,347.299988
2003-01-08,353.899994
2003-01-09,353.299988
2003-01-10,354.500000
2003-01-13,354.700012
2003-01-14,352.000000
2003-01-15,350.700012
2003-01-16,357.700012
2003-01-17,356.600006
2003-01-21,357.299988
2003-01-22,359.700012
2003-01-23,364.500000
2003-01-24,368.200012
2003-01-27,369.399994
2003-01-28,370.000000
2003-01-29,366.299988
2003-01-30,368.600006
2003-01-31,368.299988
2003-02-03,370.799988
2003-02-04,379.000000
2003-02-05,376.399994
2003-02-06,370.100006
2003-02-07,369.899994
2003-02-10,363.700012
2003-02-11,362.500000
2003-02-12,352.600006
2003-02-13,357.399994
2003-02-14,351.899994
2003-02-18,344.200012
2003-02-19,349.899994
2003-02-20,353.100006
2003-02-21,351.799988
2003-02-24,356.299988
2003-02-25,352.299988
2003-02-26,354.000000
2003-02-27,346.100006
2003-02-28,350.200012
2003-03-03,349.200012
2003-03-04,353.200012
2003-03-05,353.100006
2003-03-06,356.799988
2003-03-07,350.799988
2003-03-10,354.700012
2003-03-11,350.500000
2003-03-12,346.500000
2003-03-13,335.899994
2003-03-14,336.500000
2003-03-17,337.100006
2003-03-18,337.600006
2003-03-19,336.100006
2003-03-20,332.899994
2003-03-21,326.000000
2003-03-24,329.500000
2003-03-25,328.399994
2003-03-26,330.299988
2003-03-27,328.700012
2003-03-28,328.700012
2003-03-31,335.899994
2003-04-01,334.299988
2003-04-02,329.600006
2003-04-03,324.899994
2003-04-04,325.299988
2003-04-07,321.500000
2003-04-08,322.200012
2003-04-09,325.600006
2003-04-10,326.700012
2003-04-11,327.899994
2003-04-14,324.200012
2003-04-15,324.899994
2003-04-16,325.799988
2003-04-17,327.200012
2003-04-21,333.500000
2003-04-22,334.399994
2003-04-23,331.500000
2003-04-24,334.799988
2003-04-25,333.399994
2003-04-28,334.500000
2003-04-29,333.700012
2003-04-30,339.100006
2003-05-01,342.100006
2003-05-02,341.000000
2003-05-05,342.299988
2003-05-06,342.500000
2003-05-07,341.899994
2003-05-08,348.399994
2003-05-09,348.600006
2003-05-12,351.600006
2003-05-13,350.000000
2003-05-14,352.299988
2003-05-15,352.600006
2003-05-16,354.700012
2003-05-19,364.200012
2003-05-20,366.299988
2003-05-21,372.000000
2003-05-22,368.100006
2003-05-23,368.799988
2003-05-27,367.799988
2003-05-28,365.200012
2003-05-29,369.600006
2003-05-30,364.500000
2003-06-02,366.000000
2003-06-03,365.200012
2003-06-04,362.600006
2003-06-05,368.600006
2003-06-06,363.700012
2003-06-09,361.799988
2003-06-10,352.200012
2003-06-11,355.500000
2003-06-12,353.299988
2003-06-13,356.600006
2003-06-16,359.000000
2003-06-17,363.200012
2003-06-18,357.200012
2003-06-19,361.299988
2003-06-20,356.299988
2003-06-23,353.000000
2003-06-24,346.299988
2003-06-25,349.299988
2003-06-26,343.899994
2003-06-27,345.200012
2003-06-30,346.000000
2003-07-01,351.399994
2003-07-02,351.299988
2003-07-03,351.000000
2003-07-07,348.100006
2003-07-08,344.100006
2003-07-09,343.600006
2003-07-10,344.299988
2003-07-11,344.799988
2003-07-14,347.700012
2003-07-15,342.100006
2003-07-16,343.100006
2003-07-17,344.200012
2003-07-18,347.200012
2003-07-21,350.899994
2003-07-22,350.600006
2003-07-23,358.600006
2003-07-24,362.200012
2003-07-25,362.700012
2003-07-28,364.799988
2003-07-29,361.700012
2003-07-30,356.200012
2003-07-31,354.000000
2003-08-01,346.100006
2003-08-04,349.200012
2003-08-05,349.600006
2003-08-06,350.799988
2003-08-07,352.500000
2003-08-08,356.299988
2003-08-11,361.700012
2003-08-12,358.500000
2003-08-13,362.100006
2003-08-14,366.000000
2003-08-15,363.200012
2003-08-18,358.399994
2003-08-19,361.600006
2003-08-20,365.600006
2003-08-21,360.600006
2003-08-22,363.100006
2003-08-25,361.299988
2003-08-26,365.799988
2003-08-27,373.500000
2003-08-28,370.500000
2003-08-29,375.700012
2003-09-02,373.200012
2003-09-03,373.899994
2003-09-04,372.899994
2003-09-05,377.600006
2003-09-08,375.100006
2003-09-09,381.700012
2003-09-10,380.000000
2003-09-11,379.700012
2003-09-12,375.799988
2003-09-15,374.500000
2003-09-16,373.500000
2003-09-17,376.200012
2003-09-18,376.600006
2003-09-19,381.799988
2003-09-22,387.200012
2003-09-23,385.899994
2003-09-24,387.500000
2003-09-25,385.000000
2003-09-26,380.799988
2003-09-29,382.399994
2003-09-30,385.399994
2003-10-01,384.299988
2003-10-02,383.100006
2003-10-03,369.399994
2003-10-06,372.700012
2003-10-07,377.200012
2003-10-08,375.399994
2003-10-09,369.200012
2003-10-10,373.600006
2003-10-13,375.200012
2003-10-14,375.700012
2003-10-15,372.600006
2003-10-16,372.700012
2003-10-17,371.799988
2003-10-20,374.000000
2003-10-21,381.700012
2003-10-22,386.500000
2003-10-23,384.700012
2003-10-24,388.899994
2003-10-27,387.899994
2003-10-28,383.200012
2003-10-29,386.799988
2003-10-30,384.299988
2003-10-31,384.500000
2003-11-03,377.000000
2003-11-04,379.899994
2003-11-05,382.600006
2003-11-06,380.600006
2003-11-07,383.299988
2003-11-10,386.600006
2003-11-11,388.100006
2003-11-12,394.899994
2003-11-13,394.100006
2003-11-14,397.799988
2003-11-17,391.500000
2003-11-18,397.600006
2003-11-19,394.899994
2003-11-20,393.700012
2003-11-21,396.000000
2003-11-24,391.500000
2003-11-25,391.100006
2003-11-26,396.799988
2003-12-01,402.700012
2003-12-02,403.700012
2003-12-03,403.899994
2003-12-04,403.299988
2003-12-05,406.399994
2003-12-08,406.600006
2003-12-09,408.200012
2003-12-10,406.200012
2003-12-11,404.600006
2003-12-12,409.399994
2003-12-15,409.200012
2003-12-16,407.700012
2003-12-17,412.000000
2003-12-18,410.399994
2003-12-19,409.200012
2003-12-22,410.600006
2003-12-23,411.000000
2003-12-24,412.299988
2003-12-29,414.799988
2003-12-30,416.899994
2003-12-31,415.700012
2004-01-05,424.399994
2004-01-06,422.799988
2004-01-07,421.899994
2004-01-08,424.000000
2004-01-09,426.399994
2004-01-12,426.299988
2004-01-13,423.700012
2004-01-14,421.700012
2004-01-15,408.399994
2004-01-16,406.700012
2004-01-20,412.700012
2004-01-21,411.100006
2004-01-22,410.000000
2004-01-23,407.899994
2004-01-26,406.600006
2004-01-27,410.000000
2004-01-28,414.500000
2004-01-29,398.500000
2004-01-30,402.200012
2004-02-02,398.700012
2004-02-03,399.200012
2004-02-04,401.000000
2004-02-05,398.100006
2004-02-06,403.600006
2004-02-09,406.799988
2004-02-10,406.399994
2004-02-11,410.200012
2004-02-12,413.700012
2004-02-13,410.299988
2004-02-17,416.000000
2004-02-18,412.299988
2004-02-19,409.799988
2004-02-20,397.500000
2004-02-23,399.000000
2004-02-24,404.500000
2004-02-25,395.799988
2004-02-26,395.799988
2004-02-27,396.399994
2004-03-01,399.299988
2004-03-02,393.500000
2004-03-03,392.399994
2004-03-04,392.899994
2004-03-05,401.299988
2004-03-08,400.600006
2004-03-09,404.200012
2004-03-10,400.000000
2004-03-11,400.700012
2004-03-12,395.299988
2004-03-15,399.399994
2004-03-16,402.399994
2004-03-17,406.899994
2004-03-18,411.100006
2004-03-19,412.500000
2004-03-22,417.399994
2004-03-23,419.799988
2004-03-24,417.200012
2004-03-25,416.700012
2004-03-26,422.100006
2004-03-29,417.100006
2004-03-30,421.700012
2004-03-31,427.299988
2004-04-01,427.799988
2004-04-02,421.600006
2004-04-05,415.399994
2004-04-06,418.899994
2004-04-07,422.799988
2004-04-08,419.899994
2004-04-12,420.100006
2004-04-13,407.000000
2004-04-14,399.799988
2004-04-15,397.700012
2004-04-16,401.000000
2004-04-19,400.600006
2004-04-20,397.700012
2004-04-21,390.799988
2004-04-22,393.299988
2004-04-23,395.100006
2004-04-26,396.000000
2004-04-27,398.600006
2004-04-28,385.399994
2004-04-29,386.600006
2004-04-30,387.000000
2004-05-03,387.000000
2004-05-04,391.399994
2004-05-05,393.399994
2004-05-06,388.000000
2004-05-07,378.700012
2004-05-10,378.299988
2004-05-11,376.899994
2004-05-12,377.399994
2004-05-13,374.799988
2004-05-14,377.000000
2004-05-17,379.500000
2004-05-18,375.799988
2004-05-19,382.899994
2004-05-20,378.399994
2004-05-21,384.799988
2004-05-24,385.600006
2004-05-25,388.299988
2004-05-26,388.299988
2004-05-27,394.899994
2004-05-28,394.000000
2004-06-01,394.600006
2004-06-02,390.700012
2004-06-03,388.100006
2004-06-04,390.899994
2004-06-07,393.799988
2004-06-08,391.000000
2004-06-09,384.500000
2004-06-10,385.899994
2004-06-14,383.600006
2004-06-15,388.100006
2004-06-16,384.600006
2004-06-17,388.899994
2004-06-18,395.100006
2004-06-21,394.000000
2004-06-22,395.000000
2004-06-23,395.000000
2004-06-24,403.100006
2004-06-25,402.899994
2004-06-28,401.000000
2004-06-29,392.500000
2004-06-30,392.600006
2004-07-01,396.000000
2004-07-02,398.299988
2004-07-06,392.600006
2004-07-07,402.299988
2004-07-08,407.799988
2004-07-09,407.500000
2004-07-12,408.100006
2004-07-13,402.000000
2004-07-14,405.399994
2004-07-15,404.200012
2004-07-16,406.600006
2004-07-19,405.600006
2004-07-20,401.899994
2004-07-21,397.100006
2004-07-22,395.200012
2004-07-23,390.500000
2004-07-26,390.299988
2004-07-27,387.000000
2004-07-28,389.000000
2004-07-29,387.000000
2004-07-30,391.000000
2004-08-02,391.700012
2004-08-03,394.000000
2004-08-04,392.200012
2004-08-05,392.299988
2004-08-06,399.799988
2004-08-09,400.700012
2004-08-10,400.000000
2004-08-11,395.500000
2004-08-12,394.299988
2004-08-13,398.899994
2004-08-16,402.899994
2004-08-17,404.399994
2004-08-18,404.299988
2004-08-19,407.100006
2004-08-20,413.200012
2004-08-23,410.500000
2004-08-24,403.000000
2004-08-25,407.899994
2004-08-26,407.399994
2004-08-27,403.299988
2004-08-30,407.799988
2004-08-31,410.399994
2004-09-01,408.799988
2004-09-02,406.000000
2004-09-03,400.500000
2004-09-07,397.399994
2004-09-08,399.399994
2004-09-09,398.500000
2004-09-10,401.899994
2004-09-13,404.100006
2004-09-14,405.700012
2004-09-15,405.000000
2004-09-16,404.700012
2004-09-17,405.799988
2004-09-20,405.299988
2004-09-21,408.299988
2004-09-22,407.200012
2004-09-23,410.899994
2004-09-24,408.100006
2004-09-27,409.100006
2004-09-28,412.500000
2004-09-29,413.000000
2004-09-30,418.700012
2004-10-01,419.500000
2004-10-04,414.000000
2004-10-05,418.200012
2004-10-06,418.399994
2004-10-07,418.000000
2004-10-08,423.100006
2004-10-11,422.000000
2004-10-12,415.100006
2004-10-13,413.200012
2004-10-14,418.100006
2004-10-15,418.700012
2004-10-18,416.200012
2004-10-19,420.299988
2004-10-20,423.500000
2004-10-21,424.399994
2004-10-22,424.600006
2004-10-25,429.000000
2004-10-26,426.799988
2004-10-27,424.799988
2004-10-28,425.100006
2004-10-29,428.500000
2004-11-01,427.299988
2004-11-02,420.000000
2004-11-03,424.600006
2004-11-04,430.100006
2004-11-05,433.600006
2004-11-08,432.700012
2004-11-09,435.700012
2004-11-10,434.000000
2004-11-11,434.899994
2004-11-12,437.899994
2004-11-15,437.000000
2004-11-16,440.200012
2004-11-17,444.799988
2004-11-18,442.600006
2004-11-19,446.799988
2004-11-22,448.799988
2004-11-23,447.799988
2004-11-24,449.299988
2004-11-29,453.700012
2004-11-30,451.299988
2004-12-01,454.000000
2004-12-02,450.399994
2004-12-03,456.000000
2004-12-06,454.200012
2004-12-07,452.000000
2004-12-08,437.200012
2004-12-09,435.799988
2004-12-10,433.899994
2004-12-13,438.899994
2004-12-14,435.899994
2004-12-15,440.799988
2004-12-16,436.899994
2004-12-17,441.600006
2004-12-20,442.399994
2004-12-21,441.799988
2004-12-22,440.299988
2004-12-23,441.899994
2004-12-27,445.200012
2004-12-28,444.299988
2004-12-29,436.000000
2004-12-30,437.500000
2005-01-03,428.700012
2005-01-04,428.500000
2005-01-05,426.600006
2005-01-06,421.000000
2005-01-07,418.899994
2005-01-10,419.100006
2005-01-11,421.899994
2005-01-12,426.100006
2005-01-13,424.500000
2005-01-14,422.700012
2005-01-18,423.200012
2005-01-19,423.000000
2005-01-20,422.399994
2005-01-21,426.700012
2005-01-24,426.899994
2005-01-25,422.000000
2005-01-26,426.899994
2005-01-27,426.299988
2005-01-28,425.799988
2005-01-31,421.799988
2005-02-01,420.799988
2005-02-02,421.100006
2005-02-03,416.600006
2005-02-04,414.000000
2005-02-07,413.600006
2005-02-08,412.600006
2005-02-09,412.899994
2005-02-10,417.200012
2005-02-11,420.500000
2005-02-14,425.799988
2005-02-15,425.899994
2005-02-16,425.500000
2005-02-17,427.299988
2005-02-18,427.100006
2005-02-22,434.500000
2005-02-23,434.899994
2005-02-24,434.500000
2005-02-25,434.899994
2005-02-28,436.500000
2005-03-01,432.899994
2005-03-02,432.799988
2005-03-03,429.899994
2005-03-04,434.200012
2005-03-07,435.000000
2005-03-08,440.299988
2005-03-09,442.100006
2005-03-10,442.799988
2005-03-11,446.200012
2005-03-14,441.100006
2005-03-15,440.899994
2005-03-16,443.700012
2005-03-17,438.700012
2005-03-18,439.299988
2005-03-21,431.100006
2005-03-22,431.299988
2005-03-23,425.200012
2005-03-24,424.700012
2005-03-28,425.899994
2005-03-29,426.000000
2005-03-31,428.700012
2005-04-01,425.899994
2005-04-04,423.899994
2005-04-05,424.500000
2005-04-06,427.100006
2005-04-07,426.500000
2005-04-08,426.899994
2005-04-11,428.600006
2005-04-12,427.600006
2005-04-13,429.299988
2005-04-14,424.000000
2005-04-15,424.899994
2005-04-18,427.500000
2005-04-19,432.899994
2005-04-20,435.299988
2005-04-21,433.000000
2005-04-22,434.299988
2005-04-25,434.600006
2005-04-26,437.899994
2005-04-27,433.000000
2005-04-29,435.000000
2005-05-02,429.500000
2005-05-03,426.700012
2005-05-04,429.000000
2005-05-05,429.799988
2005-05-06,426.100006
2005-05-09,426.200012
2005-05-10,427.200012
2005-05-11,427.200012
2005-05-12,421.600006
2005-05-13,420.200012
2005-05-16,418.899994
2005-05-17,419.399994
2005-05-18,421.500000
2005-05-19,420.500000
2005-05-20,417.399994
2005-05-23,416.600006
2005-05-24,417.500000
2005-05-25,418.799988
2005-05-26,418.000000
2005-05-27,419.799988
2005-05-31,416.299988
2005-06-01,415.299988
2005-06-02,422.700012
2005-06-03,423.700012
2005-06-06,426.500000
2005-06-07,424.799988
2005-06-08,424.700012
2005-06-09,424.200012
2005-06-10,427.399994
2005-06-13,429.299988
2005-06-14,427.500000
2005-06-15,429.100006
2005-06-16,436.200012
2005-06-17,438.299988
2005-06-20,438.399994
2005-06-21,438.899994
2005-06-22,438.100006
2005-06-23,441.700012
2005-06-24,440.500000
2005-06-27,440.299988
2005-06-28,436.399994
2005-06-30,435.899994
2005-07-01,427.799988
2005-07-05,422.899994
2005-07-06,423.500000
2005-07-07,423.299988
2005-07-08,422.899994
2005-07-11,425.500000
2005-07-12,426.299988
2005-07-13,423.899994
2005-07-14,419.600006
2005-07-15,420.700012
2005-07-18,420.500000
2005-07-19,419.700012
2005-07-20,421.700012
2005-07-21,425.399994
2005-07-22,424.700012
2005-07-25,425.700012
2005-07-26,423.399994
2005-07-27,424.700012
2005-07-28,427.299988
2005-07-29,429.899994
2005-08-01,431.899994
2005-08-02,431.899994
2005-08-03,436.899994
2005-08-04,437.899994
2005-08-05,437.200012
2005-08-08,434.700012
2005-08-09,434.200012
2005-08-10,436.500000
2005-08-11,445.500000
2005-08-12,445.899994
2005-08-15,442.200012
2005-08-16,446.100006
2005-08-17,439.899994
2005-08-18,439.500000
2005-08-19,437.200012
2005-08-22,438.100006
2005-08-23,439.399994
2005-08-24,437.299988
2005-08-25,438.399994
2005-08-26,437.399994
2005-08-29,437.000000
2005-08-30,431.200012
2005-08-31,433.799988
2005-09-01,442.299988
2005-09-02,444.200012
2005-09-06,444.399994
2005-09-07,444.899994
2005-09-08,446.700012
2005-09-09,449.000000
2005-09-12,449.700012
2005-09-13,446.100006
2005-09-14,449.799988
2005-09-15,455.500000
2005-09-16,459.500000
2005-09-19,466.700012
2005-09-20,466.200012
2005-09-21,468.899994
2005-09-22,466.600006
2005-09-23,463.500000
2005-09-26,465.899994
2005-09-27,462.600006
2005-09-28,469.700012
2005-09-29,472.200012
2005-09-30,469.000000
2005-10-03,466.100006
2005-10-04,466.100006
2005-10-05,466.100006
2005-10-06,471.899994
2005-10-07,474.700012
2005-10-10,475.100006
2005-10-11,477.100006
2005-10-12,473.899994
2005-10-13,471.100006
2005-10-14,469.200012
2005-10-17,474.100006
2005-10-18,472.100006
2005-10-19,463.500000
2005-10-20,461.000000
2005-10-21,467.000000
2005-10-24,465.000000
2005-10-25,472.799988
2005-10-26,471.200012
2005-10-27,473.799988
2005-10-28,473.000000
2005-10-31,465.100006
2005-11-01,458.799988
2005-11-02,462.799988
2005-11-03,460.100006
2005-11-04,456.299988
2005-11-07,459.000000
2005-11-08,460.899994
2005-11-09,466.299988
2005-11-10,466.600006
2005-11-11,468.299988
2005-11-14,468.200012
2005-11-15,468.100006
2005-11-16,478.299988
2005-11-17,486.200012
2005-11-18,485.600006
2005-11-21,489.000000
2005-11-22,492.600006
2005-11-23,492.100006
2005-11-28,498.299988
2005-11-29,499.100006
2005-11-30,494.600006
2005-12-01,502.500000
2005-12-02,503.299988
2005-12-05,508.899994
2005-12-06,510.200012
2005-12-07,514.299988
2005-12-08,519.299988
2005-12-09,527.000000
2005-12-12,528.400024
2005-12-13,521.000000
2005-12-14,506.500000
2005-12-15,503.899994
2005-12-16,503.399994
2005-12-19,503.600006
2005-12-20,494.600006
2005-12-21,493.000000
2005-12-22,502.700012
2005-12-23,503.000000
2005-12-27,508.000000
2005-12-28,514.200012
2005-12-29,515.700012
2005-12-30,517.099976
2006-01-03,530.700012
2006-01-04,533.900024
2006-01-05,526.299988
2006-01-06,539.700012
2006-01-09,549.099976
2006-01-10,544.299988
2006-01-11,548.799988
2006-01-12,548.299988
2006-01-13,556.099976
2006-01-17,553.400024
2006-01-18,543.700012
2006-01-19,558.400024
2006-01-20,553.500000
2006-01-23,558.299988
2006-01-24,557.700012
2006-01-25,562.200012
2006-01-26,559.700012
2006-01-27,558.700012
2006-01-30,565.799988
2006-01-31,570.799988
2006-02-01,569.400024
2006-02-02,572.500000
2006-02-03,567.400024
2006-02-06,570.200012
2006-02-07,551.000000
2006-02-08,550.099976
2006-02-09,564.500000
2006-02-10,550.200012
2006-02-13,539.000000
2006-02-14,545.900024
2006-02-15,539.700012
2006-02-16,546.000000
2006-02-17,551.799988
2006-02-21,553.900024
2006-02-22,553.900024
2006-02-23,548.400024
2006-02-24,558.799988
2006-02-27,554.700012
2006-02-28,561.599976
2006-03-01,563.500000
2006-03-02,568.200012
2006-03-03,566.000000
2006-03-06,554.900024
2006-03-07,552.700012
2006-03-08,542.500000
2006-03-09,545.500000
2006-03-10,539.900024
2006-03-13,546.099976
2006-03-14,551.700012
2006-03-15,553.099976
2006-03-16,554.400024
2006-03-17,554.099976
2006-03-20,555.200012
2006-03-21,552.400024
2006-03-22,550.900024
2006-03-23,550.099976
2006-03-24,560.000000
2006-03-27,567.000000
2006-03-28,566.599976
2006-03-29,573.000000
2006-03-30,586.700012
2006-03-31,581.799988
2006-04-03,589.400024
2006-04-04,586.000000
2006-04-05,587.900024
2006-04-06,595.200012
2006-04-07,588.400024
2006-04-10,597.599976
2006-04-11,595.200012
2006-04-12,597.500000
2006-04-13,596.500000
2006-04-17,615.400024
2006-04-18,620.000000
2006-04-19,632.599976
2006-04-20,619.799988
2006-04-21,632.200012
2006-04-24,620.599976
2006-04-25,631.000000
2006-04-26,638.799988
2006-04-27,633.299988
2006-04-28,651.799988
2006-05-01,657.500000
2006-05-02,664.700012
2006-05-03,665.900024
2006-05-04,674.200012
2006-05-05,682.200012
2006-05-08,677.799988
2006-05-09,699.400024
2006-05-10,703.700012
2006-05-11,719.799988
2006-05-12,710.299988
2006-05-15,683.599976
2006-05-16,691.500000
2006-05-17,690.500000
2006-05-18,679.599976
2006-05-19,656.700012
2006-05-22,657.000000
2006-05-23,673.000000
2006-05-24,637.000000
2006-05-25,648.400024
2006-05-26,650.900024
2006-05-30,653.900024
2006-05-31,642.500000
2006-06-01,627.599976
2006-06-02,635.500000
2006-06-05,643.200012
2006-06-06,629.400024
2006-06-07,627.400024
2006-06-08,609.099976
2006-06-09,608.200012
2006-06-12,606.799988
2006-06-13,562.500000
2006-06-14,562.299988
2006-06-15,566.500000
2006-06-16,578.000000
2006-06-19,568.799988
2006-06-20,576.900024
2006-06-21,587.500000
2006-06-22,582.200012
2006-06-23,584.799988
2006-06-26,584.799988
2006-06-27,581.599976
2006-06-28,578.299988
2006-06-29,586.500000
2006-06-30,613.500000
2006-07-05,627.299988
2006-07-06,634.099976
2006-07-07,632.799988
2006-07-10,624.099976
2006-07-11,641.200012
2006-07-12,649.400024
2006-07-13,652.900024
2006-07-14,666.599976
2006-07-17,650.599976
2006-07-18,628.299988
2006-07-19,641.599976
2006-07-20,631.700012
2006-07-21,619.599976
2006-07-24,612.700012
2006-07-25,617.599976
2006-07-26,621.599976
2006-07-27,632.400024
2006-07-28,634.799988
2006-07-31,634.200012
2006-08-01,646.299988
2006-08-02,651.599976
2006-08-03,644.900024
2006-08-04,644.000000
2006-08-07,647.799988
2006-08-08,645.700012
2006-08-09,650.500000
2006-08-10,634.900024
2006-08-11,633.500000
2006-08-14,628.500000
2006-08-15,622.500000
2006-08-16,628.700012
2006-08-17,615.400024
2006-08-18,612.099976
2006-08-21,625.700012
2006-08-22,624.599976
2006-08-23,623.700012
2006-08-24,619.500000
2006-08-25,622.000000
2006-08-28,615.299988
2006-08-29,610.700012
2006-08-30,617.700012
2006-08-31,625.900024
2006-09-01,624.400024
2006-09-04,624.400024
2006-09-05,638.500000
2006-09-06,633.500000
2006-09-07,617.000000
2006-09-08,609.599976
2006-09-11,590.000000
2006-09-12,586.900024
2006-09-13,589.099976
2006-09-14,579.299988
2006-09-15,576.400024
2006-09-18,586.200012
2006-09-19,576.799988
2006-09-20,580.000000
2006-09-21,582.200012
2006-09-22,589.400024
2006-09-25,589.900024
2006-09-26,591.200012
2006-09-27,597.299988
2006-09-28,605.000000
2006-09-29,598.599976
2006-10-02,597.700012
2006-10-03,576.299988
2006-10-04,562.000000
2006-10-05,571.000000
2006-10-06,572.400024
2006-10-09,578.400024
2006-10-10,571.900024
2006-10-11,572.299988
2006-10-12,576.299988
2006-10-13,588.799988
2006-10-16,594.700012
2006-10-17,589.700012
2006-10-18,588.900024
2006-10-19,599.000000
2006-10-20,593.000000
2006-10-23,579.700012
2006-10-24,584.400024
2006-10-25,587.599976
2006-10-26,596.799988
2006-10-27,598.200012
2006-10-30,604.700012
2006-10-31,604.099976
2006-11-01,616.599976
2006-11-02,625.400024
2006-11-03,626.900024
2006-11-06,625.799988
2006-11-07,625.700012
2006-11-08,616.400024
2006-11-09,635.000000
2006-11-10,628.400024
2006-11-13,624.200012
2006-11-14,623.799988
2006-11-15,622.500000
2006-11-16,620.599976
2006-11-17,621.500000
2006-11-20,621.200012
2006-11-21,628.200012
2006-11-22,628.700012
2006-11-24,628.700012
2006-11-28,637.200012
2006-11-29,635.500000
2006-11-30,646.900024
2006-12-01,644.700012
2006-12-04,645.200012
2006-12-05,642.299988
2006-12-06,630.500000
2006-12-07,631.900024
2006-12-08,626.099976
2006-12-11,630.000000
2006-12-12,627.000000
2006-12-13,627.900024
2006-12-14,626.599976
2006-12-15,615.000000
2006-12-18,614.000000
2006-12-19,621.599976
2006-12-20,620.599976
2006-12-21,618.200012
2006-12-22,619.099976
2006-12-26,623.700012
2006-12-27,627.200012
2006-12-28,634.099976
2006-12-29,635.200012
2007-01-02,635.200012
2007-01-03,627.099976
2007-01-04,623.900024
2007-01-05,604.900024
2007-01-08,607.500000
2007-01-09,613.099976
2007-01-10,611.599976
2007-01-11,612.400024
2007-01-12,625.500000
2007-01-16,624.599976
2007-01-17,632.099976
2007-01-18,627.099976
2007-01-19,635.500000
2007-01-22,633.299988
2007-01-23,645.200012
2007-01-24,647.599976
2007-01-25,647.799988
2007-01-26,644.500000
2007-01-29,643.099976
2007-01-30,644.200012
2007-01-31,652.000000
2007-02-01,657.400024
2007-02-02,646.200012
2007-02-05,650.900024
2007-02-06,653.599976
2007-02-07,652.299988
2007-02-08,658.000000
2007-02-09,667.500000
2007-02-12,662.599976
2007-02-13,663.900024
2007-02-14,667.400024
2007-02-15,667.299988
2007-02-16,668.799988
2007-02-20,657.099976
2007-02-21,680.200012
2007-02-22,679.400024
2007-02-23,683.099976
2007-02-26,686.500000
2007-02-27,683.900024
2007-02-28,669.400024
2007-03-01,662.299988
2007-03-02,641.500000
2007-03-05,636.700012
2007-03-06,643.799988
2007-03-07,650.599976
2007-03-08,653.400024
2007-03-09,650.000000
2007-03-12,648.400024
2007-03-13,647.599976
2007-03-14,640.900024
2007-03-15,645.700012
2007-03-16,652.599976
2007-03-19,653.099976
2007-03-20,657.900024
2007-03-21,659.000000
2007-03-22,663.400024
2007-03-23,656.700012
2007-03-26,663.400024
2007-03-27,662.099976
2007-03-28,666.500000
2007-03-29,661.500000
2007-03-30,663.000000
2007-04-02,665.700012
2007-04-03,664.000000
2007-04-04,672.099976
2007-04-05,674.200012
2007-04-09,671.900024
2007-04-10,676.500000
2007-04-11,676.799988
2007-04-12,675.099976
2007-04-13,685.400024
2007-04-16,690.099976
2007-04-17,688.200012
2007-04-18,689.099976
2007-04-19,684.299988
2007-04-20,692.000000
2007-04-23,690.599976
2007-04-24,684.200012
2007-04-25,684.099976
2007-04-26,674.900024
2007-04-27,678.700012
2007-04-30,680.500000
2007-05-01,674.400024
2007-05-02,672.299988
2007-05-03,681.799988
2007-05-04,687.200012
2007-05-07,688.000000
2007-05-08,685.099976
2007-05-09,680.299988
2007-05-10,665.099976
2007-05-11,670.599976
2007-05-14,668.500000
2007-05-15,673.000000
2007-05-16,660.200012
2007-05-17,656.200012
2007-05-18,661.000000
2007-05-21,662.900024
2007-05-22,659.099976
2007-05-23,661.900024
2007-05-24,653.000000
2007-05-25,655.099976
2007-05-29,657.099976
2007-05-30,653.099976
2007-05-31,661.000000
2007-06-01,671.200012
2007-06-04,670.700012
2007-06-05,669.599976
2007-06-06,669.299988
2007-06-07,660.099976
2007-06-08,645.500000
2007-06-11,654.299988
2007-06-12,648.500000
2007-06-13,648.200012
2007-06-14,651.599976
2007-06-15,654.500000
2007-06-18,655.799988
2007-06-19,660.700012
2007-06-20,656.099976
2007-06-21,650.599976
2007-06-22,653.500000
2007-06-25,651.299988
2007-06-26,642.099976
2007-06-27,641.700012
2007-06-28,647.500000
2007-06-29,648.099976
2007-07-02,656.500000
2007-07-03,652.900024
2007-07-05,648.400024
2007-07-06,652.700012
2007-07-09,660.500000
2007-07-10,662.500000
2007-07-11,660.299988
2007-07-12,666.700012
2007-07-13,665.799988
2007-07-16,665.000000
2007-07-17,664.700012
2007-07-18,672.599976
2007-07-19,677.200012
2007-07-20,683.900024
2007-07-23,680.799988
2007-07-24,684.200012
2007-07-25,673.299988
2007-07-26,662.500000
2007-07-27,660.000000
2007-07-30,664.099976
2007-07-31,666.900024
2007-08-01,663.599976
2007-08-02,664.599976
2007-08-03,672.500000
2007-08-06,671.500000
2007-08-07,670.599976
2007-08-08,674.500000
2007-08-09,661.400024
2007-08-10,670.299988
2007-08-13,669.700012
2007-08-14,668.599976
2007-08-15,668.900024
2007-08-16,648.299988
2007-08-17,656.900024
2007-08-20,656.700012
2007-08-21,656.700012
2007-08-22,659.099976
2007-08-23,658.900024
2007-08-24,668.000000
2007-08-27,666.799988
2007-08-28,664.400024
2007-08-29,666.299988
2007-08-30,665.000000
2007-08-31,673.000000
2007-09-04,682.500000
2007-09-05,681.700012
2007-09-06,695.599976
2007-09-07,700.799988
2007-09-10,703.299988
2007-09-11,712.200012
2007-09-12,711.900024
2007-09-13,709.500000
2007-09-14,709.599976
2007-09-17,715.799988
2007-09-18,715.799988
2007-09-19,722.000000
2007-09-20,732.400024
2007-09-21,731.400024
2007-09-24,732.099976
2007-09-25,731.599976
2007-09-26,728.299988
2007-09-27,732.700012
2007-09-28,742.799988
2007-10-01,747.200012
2007-10-02,729.799988
2007-10-03,729.299988
2007-10-04,737.799988
2007-10-05,741.299988
2007-10-08,732.799988
2007-10-09,737.400024
2007-10-10,740.400024
2007-10-11,751.299988
2007-10-12,748.700012
2007-10-15,757.099976
2007-10-16,757.000000
2007-10-17,757.500000
2007-10-18,764.099976
2007-10-19,764.000000
2007-10-22,755.799988
2007-10-23,759.000000
2007-10-24,761.599976
2007-10-25,767.299988
2007-10-26,783.900024
2007-10-29,789.099976
2007-10-30,784.299988
2007-10-31,792.000000
2007-11-01,790.700012
2007-11-02,805.700012
2007-11-05,808.099976
2007-11-06,820.799988
2007-11-07,831.000000
2007-11-08,835.200012
2007-11-09,832.500000
2007-11-12,805.799988
2007-11-13,797.200012
2007-11-14,813.000000
2007-11-15,785.900024
2007-11-16,785.700012
2007-11-19,776.799988
2007-11-20,790.299988
2007-11-21,797.599976
2007-11-23,824.000000
2007-11-26,826.000000
2007-11-27,813.700012
2007-11-28,800.099976
2007-11-29,795.299988
2007-11-30,782.200012
2007-12-03,788.299988
2007-12-04,801.299988
2007-12-05,797.500000
2007-12-06,801.200012
2007-12-07,794.400024
2007-12-10,807.700012
2007-12-11,811.400024
2007-12-12,813.500000
2007-12-13,799.000000
2007-12-14,793.299988
2007-12-17,794.799988
2007-12-18,803.000000
2007-12-19,801.099976
2007-12-20,799.200012
2007-12-21,811.599976
2007-12-24,812.799988
2007-12-26,826.000000
2007-12-27,828.599976
2007-12-28,839.599976
2007-12-31,834.900024
2008-01-02,857.000000
2008-01-03,866.400024
2008-01-04,863.099976
2008-01-07,859.599976
2008-01-08,878.000000
2008-01-09,879.500000
2008-01-10,891.700012
2008-01-11,896.099976
2008-01-14,901.599976
2008-01-15,901.000000
2008-01-16,880.599976
2008-01-17,879.500000
2008-01-18,880.799988
2008-01-22,889.599976
2008-01-23,882.500000
2008-01-24,905.500000
2008-01-25,910.500000
2008-01-28,927.099976
2008-01-29,925.099976
2008-01-30,920.599976
2008-01-31,922.700012
2008-02-01,908.700012
2008-02-04,904.900024
2008-02-05,885.900024
2008-02-06,900.700012
2008-02-07,906.099976
2008-02-08,918.400024
2008-02-11,922.900024
2008-02-12,907.400024
2008-02-13,906.500000
2008-02-14,907.400024
2008-02-15,902.799988
2008-02-19,926.599976
2008-02-20,934.599976
2008-02-21,946.099976
2008-02-22,944.700012
2008-02-25,937.599976
2008-02-26,946.099976
2008-02-27,958.200012
2008-02-28,964.500000
2008-02-29,972.099976
2008-03-03,981.500000
2008-03-04,963.900024
2008-03-05,986.200012
2008-03-06,975.000000
2008-03-07,972.200012
2008-03-10,969.900024
2008-03-11,974.200012
2008-03-12,978.799988
2008-03-13,992.299988
2008-03-14,998.200012
2008-03-17,1001.400024
2008-03-18,1003.200012
2008-03-19,944.700012
2008-03-20,919.599976
2008-03-24,918.299988
2008-03-25,934.599976
2008-03-26,949.000000
2008-03-27,948.799988
2008-03-28,930.599976
2008-03-31,916.200012
2008-04-01,882.900024
2008-04-02,895.200012
2008-04-03,905.000000
2008-04-04,909.000000
2008-04-07,922.700012
2008-04-08,914.000000
2008-04-09,933.599976
2008-04-10,928.299988
2008-04-11,923.599976
2008-04-14,925.400024
2008-04-15,928.700012
2008-04-16,945.099976
2008-04-17,939.799988
2008-04-18,912.200012
2008-04-21,914.700012
2008-04-22,922.299988
2008-04-23,906.200012
2008-04-24,886.799988
2008-04-25,887.200012
2008-04-28,892.900024
2008-04-29,874.200012
2008-04-30,862.799988
2008-05-01,848.900024
2008-05-02,856.099976
2008-05-05,872.299988
2008-05-06,876.000000
2008-05-07,869.599976
2008-05-08,880.599976
2008-05-09,884.500000
2008-05-12,883.700012
2008-05-13,868.500000
2008-05-14,865.400024
2008-05-15,879.000000
2008-05-16,899.000000
2008-05-19,905.000000
2008-05-20,919.500000
2008-05-21,928.000000
2008-05-22,917.900024
2008-05-23,925.599976
2008-05-27,907.700012
2008-05-28,900.500000
2008-05-29,877.200012
2008-05-30,887.299988
2008-06-02,892.900024
2008-06-03,881.599976
2008-06-04,879.900024
2008-06-05,871.799988
2008-06-06,895.400024
2008-06-09,894.700012
2008-06-10,867.900024
2008-06-11,879.700012
2008-06-12,869.200012
2008-06-13,870.299988
2008-06-16,883.599976
2008-06-17,884.299988
2008-06-18,890.900024
2008-06-19,901.700012
2008-06-20,901.299988
2008-06-23,884.799988
2008-06-24,889.200012
2008-06-25,880.000000
2008-06-26,913.099976
2008-06-27,929.299988
2008-06-30,926.200012
2008-07-01,942.500000
2008-07-02,944.799988
2008-07-03,931.900024
2008-07-07,927.299988
2008-07-08,921.900024
2008-07-09,927.299988
2008-07-10,940.900024
2008-07-11,959.500000
2008-07-14,972.700012
2008-07-15,977.700012
2008-07-16,961.799988
2008-07-17,970.000000
2008-07-18,957.299988
2008-07-21,963.099976
2008-07-22,948.000000
2008-07-23,922.400024
2008-07-24,922.000000
2008-07-25,926.599976
2008-07-28,927.599976
2008-07-29,916.400024
2008-07-30,902.900024
2008-07-31,913.900024
2008-08-01,909.000000
2008-08-04,900.099976
2008-08-05,878.599976
2008-08-06,875.599976
2008-08-07,870.700012
2008-08-08,857.799988
2008-08-11,821.500000
2008-08-12,808.200012
2008-08-13,825.000000
2008-08-14,808.200012
2008-08-15,786.000000
2008-08-18,799.700012
2008-08-19,811.099976
2008-08-20,810.299988
2008-08-21,833.000000
2008-08-22,827.400024
2008-08-25,819.799988
2008-08-26,822.200012
2008-08-27,828.099976
2008-08-28,830.900024
2008-08-29,829.299988
2008-09-02,805.000000
2008-09-03,802.700012
2008-09-04,797.900024
2008-09-05,797.599976
2008-09-08,797.500000
2008-09-09,787.099976
2008-09-10,757.900024
2008-09-11,741.299988
2008-09-12,760.299988
2008-09-15,783.099976
2008-09-16,776.500000
2008-09-17,846.599976
2008-09-18,892.700012
2008-09-19,860.599976
2008-09-22,903.900024
2008-09-23,885.500000
2008-09-24,889.000000
2008-09-25,877.700012
2008-09-26,882.900024
2008-09-29,888.200012
2008-09-30,874.200012
2008-10-01,880.700012
2008-10-02,839.000000
2008-10-03,828.900024
2008-10-06,862.700012
2008-10-07,878.400024
2008-10-08,903.099976
2008-10-09,883.099976
2008-10-10,855.400024
2008-10-13,838.900024
2008-10-14,836.299988
2008-10-15,835.500000
2008-10-16,801.500000
2008-10-17,785.099976
2008-10-20,787.599976
2008-10-21,766.099976
2008-10-22,733.299988
2008-10-23,713.299988
2008-10-24,729.099976
2008-10-27,741.700012
2008-10-28,739.299988
2008-10-29,752.799988
2008-10-30,737.200012
2008-10-31,716.799988
2008-11-03,725.400024
2008-11-04,756.000000
2008-11-05,741.299988
2008-11-06,731.200012
2008-11-07,733.200012
2008-11-10,745.599976
2008-11-11,732.000000
2008-11-12,717.700012
2008-11-13,704.900024
2008-11-14,742.400024
2008-11-17,741.900024
2008-11-18,732.599976
2008-11-19,735.900024
2008-11-20,748.599976
2008-11-21,791.700012
2008-11-24,819.400024
2008-11-25,818.400024
2008-11-26,808.500000
2008-11-28,816.200012
2008-12-01,774.599976
2008-12-02,781.299988
2008-12-03,768.799988
2008-12-04,763.799988
2008-12-05,750.500000
2008-12-08,767.400024
2008-12-09,772.400024
2008-12-10,807.099976
2008-12-11,824.900024
2008-12-12,818.900024
2008-12-15,835.400024
2008-12-16,841.700012
2008-12-17,867.500000
2008-12-18,859.599976
2008-12-19,836.400024
2008-12-22,846.200012
2008-12-23,837.200012
2008-12-24,847.099976
2008-12-26,870.400024
2008-12-29,874.599976
2008-12-30,869.299988
2008-12-31,883.599976
2009-01-02,878.799988
2009-01-05,857.200012
2009-01-06,865.400024
2009-01-07,841.099976
2009-01-08,853.900024
2009-01-09,854.299988
2009-01-12,820.299988
2009-01-13,820.099976
2009-01-14,808.200012
2009-01-15,806.700012
2009-01-16,839.299988
2009-01-20,854.599976
2009-01-21,849.599976
2009-01-22,858.200012
2009-01-23,895.299988
2009-01-26,908.500000
2009-01-27,899.200012
2009-01-28,888.099976
2009-01-29,905.099976
2009-01-30,927.299988
2009-02-02,906.700012
2009-02-03,892.000000
2009-02-04,901.599976
2009-02-05,913.599976
2009-02-06,913.900024
2009-02-09,892.400024
2009-02-10,913.700012
2009-02-11,943.799988
2009-02-12,948.500000
2009-02-13,941.500000
2009-02-17,967.000000
2009-02-18,977.700012
2009-02-19,976.099976
2009-02-20,1001.799988
2009-02-23,994.599976
2009-02-24,969.099976
2009-02-25,965.700012
2009-02-26,941.799988
2009-02-27,941.500000
2009-03-02,939.000000
2009-03-03,912.900024
2009-03-04,906.000000
2009-03-05,927.000000
2009-03-06,942.099976
2009-03-09,917.700012
2009-03-10,895.599976
2009-03-11,910.400024
2009-03-12,923.700012
2009-03-13,929.799988
2009-03-16,921.599976
2009-03-17,916.400024
2009-03-18,888.700012
2009-03-19,958.299988
2009-03-20,955.799988
2009-03-23,952.099976
2009-03-24,923.299988
2009-03-25,935.400024
2009-03-26,939.599976
2009-03-27,923.000000
2009-03-30,915.500000
2009-03-31,922.599976
2009-04-01,926.099976
2009-04-02,907.400024
2009-04-03,895.599976
2009-04-06,871.500000
2009-04-07,882.200012
2009-04-08,884.799988
2009-04-09,882.200012
2009-04-13,894.700012
2009-04-14,890.900024
2009-04-15,892.799988
2009-04-16,879.299988
2009-04-17,867.400024
2009-04-20,887.000000
2009-04-21,882.099976
2009-04-22,891.799988
2009-04-23,905.900024
2009-04-24,913.599976
2009-04-27,907.400024
2009-04-28,892.799988
2009-04-29,899.799988
2009-04-30,890.700012
2009-05-01,887.599976
2009-05-04,901.599976
2009-05-05,903.700012
2009-05-06,910.500000
2009-05-07,915.000000
2009-05-08,914.400024
2009-05-11,913.000000
2009-05-12,923.500000
2009-05-13,925.500000
2009-05-14,928.000000
2009-05-15,930.900024
2009-05-18,921.299988
2009-05-19,926.299988
2009-05-20,937.000000
2009-05-21,950.799988
2009-05-22,958.500000
2009-05-26,953.099976
2009-05-27,953.200012
2009-05-28,961.500000
2009-05-29,978.799988
2009-06-01,978.599976
2009-06-02,983.200012
2009-06-03,964.500000
2009-06-04,981.200012
2009-06-05,961.700012
2009-06-08,951.700012
2009-06-09,954.000000
2009-06-10,954.000000
2009-06-11,961.299988
2009-06-12,940.099976
2009-06-15,926.900024
2009-06-16,931.599976
2009-06-17,935.400024
2009-06-18,934.000000
2009-06-19,935.599976
2009-06-22,920.599976
2009-06-23,923.900024
2009-06-24,934.099976
2009-06-25,939.099976
2009-06-26,940.700012
2009-06-29,940.400024
2009-06-30,927.099976
2009-07-01,941.000000
2009-07-02,930.700012
2009-07-06,924.000000
2009-07-07,928.799988
2009-07-08,909.000000
2009-07-09,915.900024
2009-07-10,912.200012
2009-07-13,922.200012
2009-07-14,922.500000
2009-07-15,939.099976
2009-07-16,935.099976
2009-07-17,937.200012
2009-07-20,948.500000
2009-07-21,946.599976
2009-07-22,953.000000
2009-07-23,954.500000
2009-07-24,952.799988
2009-07-27,953.299988
2009-07-28,939.000000
2009-07-29,927.200012
2009-07-30,934.900024
2009-07-31,953.700012
2009-08-03,956.599976
2009-08-04,967.500000
2009-08-05,964.200012
2009-08-06,960.700012
2009-08-07,957.299988
2009-08-10,945.000000
2009-08-11,945.799988
2009-08-12,950.700012
2009-08-13,954.700012
2009-08-14,947.000000
2009-08-17,934.299988
2009-08-18,937.700012
2009-08-19,943.299988
2009-08-20,940.299988
2009-08-21,953.200012
2009-08-24,942.299988
2009-08-25,944.500000
2009-08-26,944.299988
2009-08-27,945.500000
2009-08-28,957.000000
2009-08-31,951.700012
2009-09-01,954.700012
2009-09-02,976.599976
2009-09-03,995.799988
2009-09-04,994.900024
2009-09-08,997.900024
2009-09-09,995.299988
2009-09-10,995.400024
2009-09-11,1004.900024
2009-09-14,999.900024
2009-09-15,1005.000000
2009-09-16,1018.900024
2009-09-17,1012.299988
2009-09-18,1009.200012
2009-09-21,1003.700012
2009-09-22,1014.200012
2009-09-23,1013.000000
2009-09-24,997.500000
2009-09-25,990.200012
2009-09-28,992.500000
2009-09-29,993.099976
2009-09-30,1008.000000
2009-10-01,999.500000
2009-10-02,1003.200012
2009-10-05,1016.700012
2009-10-06,1038.599976
2009-10-07,1043.300049
2009-10-08,1055.400024
2009-10-09,1047.800049
2009-10-12,1056.699951
2009-10-13,1064.199951
2009-10-14,1063.900024
2009-10-15,1049.800049
2009-10-16,1050.699951
2009-10-19,1057.300049
2009-10-20,1057.800049
2009-10-21,1063.699951
2009-10-22,1057.800049
2009-10-23,1055.599976
2009-10-26,1042.099976
2009-10-27,1034.699951
2009-10-28,1029.900024
2009-10-29,1046.400024
2009-10-30,1039.699951
2009-11-02,1053.400024
2009-11-03,1084.300049
2009-11-04,1086.699951
2009-11-05,1088.699951
2009-11-06,1095.099976
2009-11-09,1100.800049
2009-11-10,1101.900024
2009-11-11,1114.000000
2009-11-12,1106.000000
2009-11-13,1116.099976
2009-11-16,1138.599976
2009-11-17,1138.800049
2009-11-18,1140.699951
2009-11-19,1141.400024
2009-11-20,1146.400024
2009-11-23,1164.300049
2009-11-24,1165.500000
2009-11-25,1186.900024
2009-11-27,1174.199951
2009-11-30,1181.099976
2009-12-01,1199.099976
2009-12-02,1212.000000
2009-12-03,1217.400024
2009-12-04,1168.800049
2009-12-07,1163.400024
2009-12-08,1142.800049
2009-12-09,1120.400024
2009-12-10,1125.699951
2009-12-11,1119.400024
2009-12-14,1123.300049
2009-12-15,1122.400024
2009-12-16,1135.500000
2009-12-17,1106.800049
2009-12-18,1110.800049
2009-12-21,1095.400024
2009-12-22,1086.000000
2009-12-23,1093.300049
2009-12-24,1104.099976
2009-12-28,1107.199951
2009-12-29,1097.000000
2009-12-30,1091.500000
2009-12-31,1095.199951
2010-01-04,1117.699951
2010-01-05,1118.099976
2010-01-06,1135.900024
2010-01-07,1133.099976
2010-01-08,1138.199951
2010-01-11,1150.699951
2010-01-12,1128.900024
2010-01-13,1136.400024
2010-01-14,1142.599976
2010-01-15,1130.099976
2010-01-19,1139.699951
2010-01-20,1112.300049
2010-01-21,1102.699951
2010-01-22,1089.199951
2010-01-25,1095.199951
2010-01-26,1097.900024
2010-01-27,1084.400024
2010-01-28,1083.599976
2010-01-29,1083.000000
2010-02-01,1104.300049
2010-02-02,1117.400024
2010-02-03,1111.400024
2010-02-04,1062.400024
2010-02-05,1052.199951
2010-02-08,1065.699951
2010-02-09,1076.699951
2010-02-10,1075.800049
2010-02-11,1094.199951
2010-02-12,1089.500000
2010-02-16,1119.300049
2010-02-17,1119.500000
2010-02-18,1118.000000
2010-02-19,1121.300049
2010-02-22,1112.599976
2010-02-23,1102.699951
2010-02-24,1096.500000
2010-02-25,1107.800049
2010-02-26,1118.300049
2010-03-01,1117.800049
2010-03-02,1136.900024
2010-03-03,1142.699951
2010-03-04,1132.599976
2010-03-05,1134.800049
2010-03-08,1123.599976
2010-03-09,1122.000000
2010-03-10,1107.800049
2010-03-11,1108.000000
2010-03-12,1101.500000
2010-03-15,1105.099976
2010-03-16,1122.199951
2010-03-17,1124.000000
2010-03-18,1127.400024
2010-03-19,1107.400024
2010-03-22,1099.300049
2010-03-23,1103.500000
2010-03-24,1088.599976
2010-03-25,1092.699951
2010-03-26,1104.199951
2010-03-29,1110.300049
2010-03-30,1104.500000
2010-03-31,1113.300049
2010-04-01,1125.099976
2010-04-05,1132.900024
2010-04-06,1135.099976
2010-04-07,1152.300049
2010-04-08,1152.199951
2010-04-09,1161.099976
2010-04-12,1161.599976
2010-04-13,1152.800049
2010-04-14,1159.000000
2010-04-15,1159.699951
2010-04-16,1136.300049
2010-04-19,1135.199951
2010-04-20,1138.599976
2010-04-21,1148.199951
2010-04-22,1142.300049
2010-04-23,1153.099976
2010-04-26,1153.500000
2010-04-27,1161.699951
2010-04-28,1171.300049
2010-04-29,1168.400024
2010-04-30,1180.099976
2010-05-03,1182.699951
2010-05-04,1168.599976
2010-05-05,1174.599976
2010-05-06,1196.900024
2010-05-07,1210.000000
2010-05-10,1200.400024
2010-05-11,1219.900024
2010-05-12,1242.699951
2010-05-13,1228.800049
2010-05-14,1227.400024
2010-05-17,1227.699951
2010-05-18,1214.300049
2010-05-19,1192.599976
2010-05-20,1187.800049
2010-05-21,1175.699951
2010-05-24,1193.800049
2010-05-25,1197.800049
2010-05-26,1213.300049
2010-05-27,1211.900024
2010-05-28,1212.199951
2010-06-01,1224.800049
2010-06-02,1220.599976
2010-06-03,1208.300049
2010-06-04,1216.199951
2010-06-07,1239.300049
2010-06-08,1244.000000
2010-06-09,1228.500000
2010-06-10,1220.800049
2010-06-11,1228.900024
2010-06-14,1223.300049
2010-06-15,1233.199951
2010-06-16,1229.300049
2010-06-17,1247.500000
2010-06-18,1257.199951
2010-06-21,1239.699951
2010-06-22,1239.900024
2010-06-23,1234.099976
2010-06-24,1245.500000
2010-06-25,1255.800049
2010-06-28,1238.199951
2010-06-29,1242.000000
2010-06-30,1245.500000
2010-07-01,1206.300049
2010-07-02,1207.400024
2010-07-06,1194.800049
2010-07-07,1198.599976
2010-07-08,1195.800049
2010-07-09,1209.599976
2010-07-12,1198.500000
2010-07-13,1213.300049
2010-07-14,1206.800049
2010-07-15,1208.099976
2010-07-16,1188.000000
2010-07-19,1181.699951
2010-07-20,1191.500000
2010-07-21,1191.599976
2010-07-22,1195.500000
2010-07-23,1187.699951
2010-07-26,1183.000000
2010-07-27,1158.000000
2010-07-28,1160.400024
2010-07-29,1168.400024
2010-07-30,1181.699951
2010-08-02,1183.400024
2010-08-03,1185.199951
2010-08-04,1193.699951
2010-08-05,1197.199951
2010-08-06,1203.400024
2010-08-09,1200.699951
2010-08-10,1196.199951
2010-08-11,1197.500000
2010-08-12,1214.800049
2010-08-13,1214.900024
2010-08-16,1224.500000
2010-08-17,1226.599976
2010-08-18,1229.699951
2010-08-19,1233.800049
2010-08-20,1227.199951
2010-08-23,1226.900024
2010-08-24,1231.800049
2010-08-25,1239.500000
2010-08-26,1235.400024
2010-08-27,1236.000000
2010-08-30,1237.099976
2010-08-31,1248.300049
2010-09-01,1246.300049
2010-09-02,1251.500000
2010-09-03,1249.199951
2010-09-07,1257.300049
2010-09-08,1255.599976
2010-09-09,1248.900024
2010-09-10,1244.500000
2010-09-13,1245.099976
2010-09-14,1269.699951
2010-09-15,1266.699951
2010-09-16,1271.900024
2010-09-17,1275.599976
2010-09-20,1279.000000
2010-09-21,1272.400024
2010-09-22,1290.199951
2010-09-23,1294.300049
2010-09-24,1296.000000
2010-09-27,1296.699951
2010-09-28,1306.599976
2010-09-29,1308.500000
2010-09-30,1307.800049
2010-10-01,1316.099976
2010-10-04,1315.400024
2010-10-05,1338.900024
2010-10-06,1346.400024
2010-10-07,1333.900024
2010-10-08,1344.199951
2010-10-11,1353.300049
2010-10-12,1345.699951
2010-10-13,1369.500000
2010-10-14,1376.699951
2010-10-15,1371.099976
2010-10-18,1371.199951
2010-10-19,1335.099976
2010-10-20,1343.300049
2010-10-21,1324.699951
2010-10-22,1324.400024
2010-10-25,1338.300049
2010-10-26,1338.000000
2010-10-27,1322.199951
2010-10-28,1342.099976
2010-10-29,1357.099976
2010-11-01,1350.199951
2010-11-02,1356.400024
2010-11-03,1337.099976
2010-11-04,1382.699951
2010-11-05,1397.300049
2010-11-08,1402.800049
2010-11-09,1409.800049
2010-11-10,1399.099976
2010-11-11,1403.099976
2010-11-12,1365.400024
2010-11-15,1368.400024
2010-11-16,1338.300049
2010-11-17,1336.800049
2010-11-18,1352.900024
2010-11-19,1352.199951
2010-11-22,1357.699951
2010-11-23,1377.500000
2010-11-24,1372.900024
2010-11-26,1362.300049
2010-11-29,1366.000000
2010-11-30,1385.000000
2010-12-01,1387.300049
2010-12-02,1388.500000
2010-12-03,1405.400024
2010-12-06,1415.300049
2010-12-07,1408.300049
2010-12-08,1382.500000
2010-12-09,1392.099976
2010-12-10,1384.300049
2010-12-13,1397.300049
2010-12-14,1403.599976
2010-12-15,1385.500000
2010-12-16,1370.400024
2010-12-17,1378.599976
2010-12-20,1385.500000
2010-12-21,1388.199951
2010-12-22,1386.800049
2010-12-23,1380.000000
2010-12-27,1382.400024
2010-12-28,1405.199951
2010-12-29,1413.099976
2010-12-30,1405.599976
2010-12-31,1421.099976
2011-01-03,1422.599976
2011-01-04,1378.500000
2011-01-05,1373.400024
2011-01-06,1371.400024
2011-01-07,1368.500000
2011-01-10,1373.699951
2011-01-11,1384.000000
2011-01-12,1385.699951
2011-01-13,1386.900024
2011-01-14,1360.400024
2011-01-18,1368.099976
2011-01-19,1370.199951
2011-01-20,1346.500000
2011-01-21,1341.000000
2011-01-24,1344.500000
2011-01-25,1332.300049
2011-01-26,1333.000000
2011-01-27,1318.400024
2011-01-28,1340.699951
2011-01-31,1333.800049
2011-02-01,1339.599976
2011-02-02,1331.500000
2011-02-03,1352.300049
2011-02-04,1348.300049
2011-02-07,1347.599976
2011-02-08,1363.400024
2011-02-09,1364.800049
2011-02-10,1361.900024
2011-02-11,1359.900024
2011-02-14,1364.599976
2011-02-15,1373.599976
2011-02-16,1374.699951
2011-02-17,1384.699951
2011-02-18,1388.199951
2011-02-22,1400.500000
2011-02-23,1413.400024
2011-02-24,1415.300049
2011-02-25,1408.699951
2011-02-28,1409.300049
2011-03-01,1430.699951
2011-03-02,1437.199951
2011-03-03,1416.000000
2011-03-04,1428.199951
2011-03-07,1434.099976
2011-03-08,1426.900024
2011-03-09,1429.300049
2011-03-10,1412.199951
2011-03-11,1421.500000
2011-03-14,1424.599976
2011-03-15,1392.599976
2011-03-16,1396.000000
2011-03-17,1404.000000
2011-03-18,1415.900024
2011-03-21,1426.199951
2011-03-22,1427.500000
2011-03-23,1437.900024
2011-03-24,1434.800049
2011-03-25,1426.099976
2011-03-28,1419.800049
2011-03-29,1416.000000
2011-03-30,1423.800049
2011-03-31,1438.900024
2011-04-01,1428.099976
2011-04-04,1432.199951
2011-04-05,1451.800049
2011-04-06,1457.699951
2011-04-07,1458.500000
2011-04-08,1473.400024
2011-04-11,1467.400024
2011-04-12,1452.900024
2011-04-13,1454.900024
2011-04-14,1471.699951
2011-04-15,1485.300049
2011-04-18,1492.300049
2011-04-19,1494.500000
2011-04-20,1498.300049
2011-04-21,1503.199951
2011-04-25,1508.599976
2011-04-26,1503.000000
2011-04-27,1516.699951
2011-04-28,1530.800049
2011-04-29,1556.000000
2011-05-02,1556.699951
2011-05-03,1540.099976
2011-05-04,1514.900024
2011-05-05,1480.900024
2011-05-06,1491.199951
2011-05-09,1502.900024
2011-05-10,1516.599976
2011-05-11,1501.099976
2011-05-12,1506.599976
2011-05-13,1493.400024
2011-05-16,1490.400024
2011-05-17,1479.800049
2011-05-18,1495.599976
2011-05-19,1492.199951
2011-05-20,1508.800049
2011-05-23,1515.300049
2011-05-24,1523.199951
2011-05-25,1526.599976
2011-05-26,1522.800049
2011-05-27,1536.300049
2011-05-31,1535.900024
2011-06-01,1542.400024
2011-06-02,1532.000000
2011-06-03,1541.699951
2011-06-06,1546.500000
2011-06-07,1543.300049
2011-06-08,1538.099976
2011-06-09,1542.099976
2011-06-10,1528.599976
2011-06-13,1515.000000
2011-06-14,1523.800049
2011-06-15,1525.599976
2011-06-16,1529.300049
2011-06-17,1538.599976
2011-06-20,1541.500000
2011-06-21,1546.000000
2011-06-22,1552.900024
2011-06-23,1520.099976
2011-06-24,1500.500000
2011-06-27,1496.000000
2011-06-28,1499.699951
2011-06-29,1509.900024
2011-06-30,1502.300049
2011-07-01,1482.300049
2011-07-05,1512.300049
2011-07-06,1528.699951
2011-07-07,1530.199951
2011-07-08,1541.199951
2011-07-11,1548.800049
2011-07-12,1561.900024
2011-07-13,1585.199951
2011-07-14,1589.000000
2011-07-15,1589.800049
2011-07-18,1602.099976
2011-07-19,1600.900024
2011-07-20,1596.699951
2011-07-21,1586.800049
2011-07-22,1601.300049
2011-07-25,1612.000000
2011-07-26,1616.599976
2011-07-27,1615.000000
2011-07-28,1613.400024
2011-07-29,1628.300049
2011-08-01,1619.000000
2011-08-02,1641.900024
2011-08-03,1663.400024
2011-08-04,1656.199951
2011-08-05,1648.800049
2011-08-08,1710.199951
2011-08-09,1740.000000
2011-08-10,1781.300049
2011-08-11,1748.800049
2011-08-12,1740.199951
2011-08-15,1755.500000
2011-08-16,1782.400024
2011-08-17,1791.199951
2011-08-18,1818.900024
2011-08-19,1848.900024
2011-08-22,1888.699951
2011-08-23,1858.300049
2011-08-24,1754.099976
2011-08-25,1759.800049
2011-08-26,1794.099976
2011-08-29,1788.400024
2011-08-30,1826.699951
2011-08-31,1828.500000
2011-09-01,1826.000000
2011-09-02,1873.699951
2011-09-06,1869.900024
2011-09-07,1814.199951
2011-09-08,1854.400024
2011-09-09,1856.400024
2011-09-12,1809.900024
2011-09-13,1826.800049
2011-09-14,1823.500000
2011-09-15,1778.500000
2011-09-16,1812.099976
2011-09-19,1776.400024
2011-09-20,1806.599976
2011-09-21,1805.500000
2011-09-22,1739.199951
2011-09-23,1637.500000
2011-09-26,1592.500000
2011-09-27,1650.599976
2011-09-28,1616.300049
2011-09-29,1615.500000
2011-09-30,1620.400024
2011-10-03,1656.000000
2011-10-04,1614.699951
2011-10-05,1640.300049
2011-10-06,1651.900024
2011-10-07,1634.500000
2011-10-10,1669.599976
2011-10-11,1659.699951
2011-10-12,1681.300049
2011-10-13,1667.300049
2011-10-14,1681.800049
2011-10-17,1675.500000
2011-10-18,1651.699951
2011-10-19,1646.000000
2011-10-20,1611.900024
2011-10-21,1635.099976
2011-10-24,1651.500000
2011-10-25,1699.599976
2011-10-26,1722.699951
2011-10-27,1746.699951
2011-10-28,1746.199951
2011-10-31,1724.199951
2011-11-01,1711.000000
2011-11-02,1728.699951
2011-11-03,1764.199951
2011-11-04,1755.300049
2011-11-07,1790.300049
2011-11-08,1798.400024
2011-11-09,1790.900024
2011-11-10,1758.900024
2011-11-11,1787.500000
2011-11-14,1777.800049
2011-11-15,1781.699951
2011-11-16,1773.800049
2011-11-17,1719.800049
2011-11-18,1724.699951
2011-11-21,1678.300049
2011-11-22,1702.199951
2011-11-23,1695.699951
2011-11-25,1685.500000
2011-11-28,1710.800049
2011-11-29,1713.400024
2011-11-30,1745.500000
2011-12-01,1735.300049
2011-12-02,1747.000000
2011-12-05,1730.699951
2011-12-06,1727.900024
2011-12-07,1740.900024
2011-12-08,1709.800049
2011-12-09,1712.800049
2011-12-12,1664.199951
2011-12-13,1659.900024
2011-12-14,1584.300049
2011-12-15,1574.599976
2011-12-16,1595.599976
2011-12-19,1594.400024
2011-12-20,1615.599976
2011-12-21,1611.900024
2011-12-22,1608.900024
2011-12-23,1604.699951
2011-12-27,1594.199951
2011-12-28,1562.900024
2011-12-29,1539.900024
2011-12-30,1565.800049
2012-01-03,1599.699951
2012-01-04,1611.900024
2012-01-05,1619.400024
2012-01-06,1616.099976
2012-01-09,1607.500000
2012-01-10,1631.000000
2012-01-11,1639.199951
2012-01-12,1647.300049
2012-01-13,1630.400024
2012-01-17,1655.199951
2012-01-18,1659.500000
2012-01-19,1654.099976
2012-01-20,1663.699951
2012-01-23,1678.000000
2012-01-24,1664.199951
2012-01-25,1699.800049
2012-01-26,1726.300049
2012-01-27,1731.800049
2012-01-30,1731.000000
2012-01-31,1737.800049
2012-02-01,1747.099976
2012-02-02,1756.800049
2012-02-03,1737.900024
2012-02-06,1722.800049
2012-02-07,1746.400024
2012-02-08,1729.300049
2012-02-09,1739.000000
2012-02-10,1723.300049
2012-02-13,1723.000000
2012-02-14,1715.900024
2012-02-15,1726.300049
2012-02-16,1726.800049
2012-02-17,1724.500000
2012-02-21,1757.099976
2012-02-22,1770.000000
2012-02-23,1784.900024
2012-02-24,1775.099976
2012-02-27,1773.599976
2012-02-28,1787.000000
2012-02-29,1709.900024
2012-03-01,1721.099976
2012-03-02,1708.800049
2012-03-05,1703.000000
2012-03-06,1671.400024
2012-03-07,1683.300049
2012-03-08,1698.099976
2012-03-09,1710.900024
2012-03-12,1699.199951
2012-03-13,1693.699951
2012-03-14,1642.500000
2012-03-15,1659.099976
2012-03-16,1655.500000
2012-03-19,1666.900024
2012-03-20,1646.699951
2012-03-21,1650.000000
2012-03-22,1642.300049
2012-03-23,1662.300049
2012-03-26,1685.500000
2012-03-27,1684.800049
2012-03-28,1657.900024
2012-03-29,1652.199951
2012-03-30,1669.300049
2012-04-02,1677.500000
2012-04-03,1670.000000
2012-04-04,1612.300049
2012-04-05,1628.500000
2012-04-09,1642.500000
2012-04-10,1659.500000
2012-04-11,1659.000000
2012-04-12,1679.500000
2012-04-13,1659.099976
2012-04-16,1648.699951
2012-04-17,1650.300049
2012-04-18,1638.800049
2012-04-19,1640.599976
2012-04-20,1642.099976
2012-04-23,1631.900024
2012-04-24,1643.000000
2012-04-25,1641.400024
2012-04-26,1659.599976
2012-04-27,1664.000000
2012-04-30,1663.400024
2012-05-01,1661.699951
2012-05-02,1653.400024
2012-05-03,1634.199951
2012-05-04,1644.699951
2012-05-07,1638.599976
2012-05-08,1604.000000
2012-05-09,1593.699951
2012-05-10,1595.099976
2012-05-11,1583.599976
2012-05-14,1560.599976
2012-05-15,1556.800049
2012-05-16,1536.199951
2012-05-17,1574.500000
2012-05-18,1591.599976
2012-05-21,1588.400024
2012-05-22,1576.300049
2012-05-23,1548.099976
2012-05-24,1557.300049
2012-05-25,1568.800049
2012-05-29,1548.599976
2012-05-30,1563.400024
2012-05-31,1562.599976
2012-06-01,1620.500000
2012-06-04,1612.199951
2012-06-05,1615.199951
2012-06-06,1632.800049
2012-06-07,1586.599976
2012-06-08,1590.099976
2012-06-11,1595.500000
2012-06-12,1612.699951
2012-06-13,1618.099976
2012-06-14,1618.400024
2012-06-15,1627.000000
2012-06-18,1625.699951
2012-06-19,1622.199951
2012-06-20,1614.800049
2012-06-21,1564.500000
2012-06-22,1566.000000
2012-06-25,1587.500000
2012-06-26,1574.000000
2012-06-27,1577.500000
2012-06-28,1549.699951
2012-06-29,1603.500000
2012-07-02,1597.199951
2012-07-03,1621.300049
2012-07-05,1608.900024
2012-07-06,1578.400024
2012-07-09,1588.599976
2012-07-10,1579.300049
2012-07-11,1575.199951
2012-07-12,1564.900024
2012-07-13,1591.599976
2012-07-16,1591.199951
2012-07-17,1589.099976
2012-07-18,1570.400024
2012-07-19,1580.099976
2012-07-20,1582.500000
2012-07-23,1577.099976
2012-07-24,1576.000000
2012-07-25,1608.000000
2012-07-26,1615.000000
2012-07-27,1617.900024
2012-07-30,1619.699951
2012-07-31,1610.500000
2012-08-01,1603.699951
2012-08-02,1587.400024
2012-08-03,1606.000000
2012-08-06,1612.900024
2012-08-07,1609.699951
2012-08-08,1612.900024
2012-08-09,1617.099976
2012-08-10,1619.699951
2012-08-13,1609.599976
2012-08-14,1599.400024
2012-08-15,1603.699951
2012-08-16,1616.099976
2012-08-17,1616.300049
2012-08-20,1620.099976
2012-08-21,1639.900024
2012-08-22,1637.400024
2012-08-23,1669.599976
2012-08-24,1669.800049
2012-08-27,1672.400024
2012-08-28,1666.500000
2012-08-29,1659.800049
2012-08-30,1653.500000
2012-08-31,1684.599976
2012-09-04,1692.900024
2012-09-05,1690.800049
2012-09-06,1702.599976
2012-09-07,1737.500000
2012-09-10,1728.699951
2012-09-11,1731.800049
2012-09-12,1730.599976
2012-09-13,1769.099976
2012-09-14,1769.800049
2012-09-17,1767.699951
2012-09-18,1768.400024
2012-09-19,1769.000000
2012-09-20,1767.699951
2012-09-21,1775.500000
2012-09-24,1762.099976
2012-09-25,1763.800049
2012-09-26,1750.599976
2012-09-27,1777.599976
2012-09-28,1771.099976
2012-10-01,1780.500000
2012-10-02,1772.699951
2012-10-03,1777.300049
2012-10-04,1794.099976
2012-10-05,1778.599976
2012-10-08,1773.500000
2012-10-09,1763.000000
2012-10-10,1763.199951
2012-10-11,1768.800049
2012-10-12,1758.000000
2012-10-15,1736.000000
2012-10-16,1744.699951
2012-10-17,1751.500000
2012-10-18,1743.300049
2012-10-19,1722.800049
2012-10-22,1725.099976
2012-10-23,1708.300049
2012-10-24,1700.500000
2012-10-25,1712.000000
2012-10-26,1710.900024
2012-10-31,1717.500000
2012-11-01,1714.099976
2012-11-02,1674.099976
2012-11-05,1682.199951
2012-11-06,1714.099976
2012-11-07,1713.199951
2012-11-08,1725.400024
2012-11-09,1730.300049
2012-11-12,1730.300049
2012-11-13,1724.199951
2012-11-14,1729.500000
2012-11-15,1713.300049
2012-11-16,1714.300049
2012-11-19,1734.000000
2012-11-20,1723.199951
2012-11-21,1727.900024
2012-11-23,1751.300049
2012-11-26,1749.500000
2012-11-27,1742.199951
2012-11-28,1716.500000
2012-11-29,1727.199951
2012-11-30,1710.900024
2012-12-03,1719.599976
2012-12-04,1694.400024
2012-12-05,1692.400024
2012-12-06,1700.300049
2012-12-07,1704.000000
2012-12-10,1713.000000
2012-12-11,1708.199951
2012-12-12,1716.599976
2012-12-13,1695.599976
2012-12-14,1695.800049
2012-12-17,1697.000000
2012-12-18,1669.500000
2012-12-19,1666.500000
2012-12-20,1644.900024
2012-12-21,1659.099976
2012-12-24,1658.599976
2012-12-26,1659.800049
2012-12-27,1662.599976
2012-12-28,1654.900024
2012-12-31,1674.800049
